[{"model": "contenttypes.contenttype", "pk": 1, "fields": {"app_label": "admin", "model": "logentry"}}, {"model": "contenttypes.contenttype", "pk": 2, "fields": {"app_label": "auth", "model": "permission"}}, {"model": "contenttypes.contenttype", "pk": 3, "fields": {"app_label": "auth", "model": "group"}}, {"model": "contenttypes.contenttype", "pk": 4, "fields": {"app_label": "auth", "model": "user"}}, {"model": "contenttypes.contenttype", "pk": 5, "fields": {"app_label": "contenttypes", "model": "contenttype"}}, {"model": "contenttypes.contenttype", "pk": 6, "fields": {"app_label": "sessions", "model": "session"}}, {"model": "contenttypes.contenttype", "pk": 7, "fields": {"app_label": "blog", "model": "blogtype"}}, {"model": "contenttypes.contenttype", "pk": 8, "fields": {"app_label": "blog", "model": "blog"}}, {"model": "contenttypes.contenttype", "pk": 9, "fields": {"app_label": "blog", "model": "readnum"}}, {"model": "contenttypes.contenttype", "pk": 10, "fields": {"app_label": "read_statistics", "model": "readnum"}}, {"model": "contenttypes.contenttype", "pk": 11, "fields": {"app_label": "comment", "model": "comment"}}, {"model": "contenttypes.contenttype", "pk": 12, "fields": {"app_label": "user", "model": "profile"}}, {"model": "sessions.session", "pk": "1t7ov4fi2purfhxw25teqflwup1y09cp", "fields": {"session_data": "NWU5MGNmMzEyZmUzMGU5YzYyYWY3MDE5MDUzZDNlNWI0YWJlOTkxYTp7fQ==", "expire_date": "2019-06-29T11:05:39.241Z"}}, {"model": "sessions.session", "pk": "1yq5yqp1vbf39661c8dyow7v7rbz5lbe", "fields": {"session_data": "NWU5MGNmMzEyZmUzMGU5YzYyYWY3MDE5MDUzZDNlNWI0YWJlOTkxYTp7fQ==", "expire_date": "2019-06-29T11:04:54.431Z"}}, {"model": "sessions.session", "pk": "2hu54548ok6flkgq0yor9zef4iwzzg1w", "fields": {"session_data": "NWU5MGNmMzEyZmUzMGU5YzYyYWY3MDE5MDUzZDNlNWI0YWJlOTkxYTp7fQ==", "expire_date": "2019-07-18T07:42:37.029Z"}}, {"model": "sessions.session", "pk": "3ojupqzmsm4n28yz8kplsgut4z1scn4k", "fields": {"session_data": "MzM4MzM0ODM4ZTEzYzAzNDcxZmJjN2RkMGUwZTAwM2EyMWVmOGVkMDp7Il9hdXRoX3VzZXJfaWQiOiIyIiwiX2F1dGhfdXNlcl9iYWNrZW5kIjoiZGphbmdvLmNvbnRyaWIuYXV0aC5iYWNrZW5kcy5Nb2RlbEJhY2tlbmQiLCJfYXV0aF91c2VyX2hhc2giOiI1YTg3OTZiZTAyN2VjMTZkNjdhYjEwMTVkZmM5M2M5NTJkM2RmODdkIn0=", "expire_date": "2019-07-19T10:34:20.737Z"}}, {"model": "sessions.session", "pk": "3pmdfticyckpase2493pumgxb7l3vmgy", "fields": {"session_data": "MzM4MzM0ODM4ZTEzYzAzNDcxZmJjN2RkMGUwZTAwM2EyMWVmOGVkMDp7Il9hdXRoX3VzZXJfaWQiOiIyIiwiX2F1dGhfdXNlcl9iYWNrZW5kIjoiZGphbmdvLmNvbnRyaWIuYXV0aC5iYWNrZW5kcy5Nb2RlbEJhY2tlbmQiLCJfYXV0aF91c2VyX2hhc2giOiI1YTg3OTZiZTAyN2VjMTZkNjdhYjEwMTVkZmM5M2M5NTJkM2RmODdkIn0=", "expire_date": "2019-06-12T09:49:12.375Z"}}, {"model": "sessions.session", "pk": "c2aipck9i1rcantuuw0k4705lgkdtlhr", "fields": {"session_data": "NWU5MGNmMzEyZmUzMGU5YzYyYWY3MDE5MDUzZDNlNWI0YWJlOTkxYTp7fQ==", "expire_date": "2019-07-18T07:46:41.068Z"}}, {"model": "sessions.session", "pk": "k38b7wwkj8qv4ek4803g73bwsa0ckf1e", "fields": {"session_data": "NWU5MGNmMzEyZmUzMGU5YzYyYWY3MDE5MDUzZDNlNWI0YWJlOTkxYTp7fQ==", "expire_date": "2019-06-29T11:05:50.916Z"}}, {"model": "sessions.session", "pk": "lh85ub0457p3984ew7zbn0fs9talwti4", "fields": {"session_data": "MzM4MzM0ODM4ZTEzYzAzNDcxZmJjN2RkMGUwZTAwM2EyMWVmOGVkMDp7Il9hdXRoX3VzZXJfaWQiOiIyIiwiX2F1dGhfdXNlcl9iYWNrZW5kIjoiZGphbmdvLmNvbnRyaWIuYXV0aC5iYWNrZW5kcy5Nb2RlbEJhY2tlbmQiLCJfYXV0aF91c2VyX2hhc2giOiI1YTg3OTZiZTAyN2VjMTZkNjdhYjEwMTVkZmM5M2M5NTJkM2RmODdkIn0=", "expire_date": "2019-07-17T04:10:38.021Z"}}, {"model": "sessions.session", "pk": "m4u9ol6nd45sypqfd7j1zweor4jnxwfk", "fields": {"session_data": "MDZlNTgyMGJhMTk2ZGFjZmVlOTc4N2NjNTBlNjdmNmQ3MDNjMzEzMDp7Il9hdXRoX3VzZXJfaWQiOiIxIiwiX2F1dGhfdXNlcl9iYWNrZW5kIjoiZGphbmdvLmNvbnRyaWIuYXV0aC5iYWNrZW5kcy5Nb2RlbEJhY2tlbmQiLCJfYXV0aF91c2VyX2hhc2giOiJhMDg5YmYwZWQ4YWY1ZDc4OWMzOTY2NjFjYTNlYmE4MzNmMmE4MTE2In0=", "expire_date": "2018-11-11T09:08:49.473Z"}}, {"model": "sessions.session", "pk": "q4hv4sfkdb352dgb58e18agvr76hpwwy", "fields": {"session_data": "NWU5MGNmMzEyZmUzMGU5YzYyYWY3MDE5MDUzZDNlNWI0YWJlOTkxYTp7fQ==", "expire_date": "2019-06-29T11:04:37.617Z"}}, {"model": "sessions.session", "pk": "vncl9q6s82fdyi1rkhd2i5xeq5zdol3u", "fields": {"session_data": "MDZlNTgyMGJhMTk2ZGFjZmVlOTc4N2NjNTBlNjdmNmQ3MDNjMzEzMDp7Il9hdXRoX3VzZXJfaWQiOiIxIiwiX2F1dGhfdXNlcl9iYWNrZW5kIjoiZGphbmdvLmNvbnRyaWIuYXV0aC5iYWNrZW5kcy5Nb2RlbEJhY2tlbmQiLCJfYXV0aF91c2VyX2hhc2giOiJhMDg5YmYwZWQ4YWY1ZDc4OWMzOTY2NjFjYTNlYmE4MzNmMmE4MTE2In0=", "expire_date": "2018-11-12T14:19:59.993Z"}}, {"model": "sessions.session", "pk": "w0ri7dkjbj0yywqmr5740b7e7ea2p6tv", "fields": {"session_data": "MTQyYmNmM2EwZTc0NzVjZTcwMGZkNTZjYTIzM2UzNDQyOTgyOTY4ZDp7Il9hdXRoX3VzZXJfaWQiOiI3IiwiX2F1dGhfdXNlcl9iYWNrZW5kIjoiZGphbmdvLmNvbnRyaWIuYXV0aC5iYWNrZW5kcy5Nb2RlbEJhY2tlbmQiLCJfYXV0aF91c2VyX2hhc2giOiI3NDBlMTAyMDZiYmEwNzEzZTkyY2YzODE2NGU5OTljMzc1ODE0MjUwIn0=", "expire_date": "2019-07-19T13:14:57.428Z"}}, {"model": "blog.blogtype", "pk": 1, "fields": {"type_name": "Django"}}, {"model": "blog.blogtype", "pk": 2, "fields": {"type_name": "\u968f\u7b14"}}, {"model": "blog.blogtype", "pk": 3, "fields": {"type_name": "\u611f\u609f"}}, {"model": "blog.blogtype", "pk": 4, "fields": {"type_name": "pygame"}}, {"model": "read_statistics.readnum", "pk": 1, "fields": {"read_num": 47, "content_type": 8, "object_id": 37}}, {"model": "read_statistics.readnum", "pk": 2, "fields": {"read_num": 138, "content_type": 8, "object_id": 36}}, {"model": "read_statistics.readnum", "pk": 3, "fields": {"read_num": 18, "content_type": 8, "object_id": 32}}, {"model": "read_statistics.readnum", "pk": 4, "fields": {"read_num": 11, "content_type": 8, "object_id": 35}}, {"model": "read_statistics.readnum", "pk": 5, "fields": {"read_num": 2, "content_type": 8, "object_id": 33}}, {"model": "read_statistics.readnum", "pk": 6, "fields": {"read_num": 2, "content_type": 8, "object_id": 34}}, {"model": "read_statistics.readnum", "pk": 7, "fields": {"read_num": 1, "content_type": 8, "object_id": 4}}, {"model": "read_statistics.readnum", "pk": 8, "fields": {"read_num": 1, "content_type": 8, "object_id": 5}}, {"model": "auth.permission", "pk": 1, "fields": {"name": "Can add log entry", "content_type": 1, "codename": "add_logentry"}}, {"model": "auth.permission", "pk": 2, "fields": {"name": "Can change log entry", "content_type": 1, "codename": "change_logentry"}}, {"model": "auth.permission", "pk": 3, "fields": {"name": "Can delete log entry", "content_type": 1, "codename": "delete_logentry"}}, {"model": "auth.permission", "pk": 4, "fields": {"name": "Can add permission", "content_type": 2, "codename": "add_permission"}}, {"model": "auth.permission", "pk": 5, "fields": {"name": "Can change permission", "content_type": 2, "codename": "change_permission"}}, {"model": "auth.permission", "pk": 6, "fields": {"name": "Can delete permission", "content_type": 2, "codename": "delete_permission"}}, {"model": "auth.permission", "pk": 7, "fields": {"name": "Can add group", "content_type": 3, "codename": "add_group"}}, {"model": "auth.permission", "pk": 8, "fields": {"name": "Can change group", "content_type": 3, "codename": "change_group"}}, {"model": "auth.permission", "pk": 9, "fields": {"name": "Can delete group", "content_type": 3, "codename": "delete_group"}}, {"model": "auth.permission", "pk": 10, "fields": {"name": "Can add user", "content_type": 4, "codename": "add_user"}}, {"model": "auth.permission", "pk": 11, "fields": {"name": "Can change user", "content_type": 4, "codename": "change_user"}}, {"model": "auth.permission", "pk": 12, "fields": {"name": "Can delete user", "content_type": 4, "codename": "delete_user"}}, {"model": "auth.permission", "pk": 13, "fields": {"name": "Can add content type", "content_type": 5, "codename": "add_contenttype"}}, {"model": "auth.permission", "pk": 14, "fields": {"name": "Can change content type", "content_type": 5, "codename": "change_contenttype"}}, {"model": "auth.permission", "pk": 15, "fields": {"name": "Can delete content type", "content_type": 5, "codename": "delete_contenttype"}}, {"model": "auth.permission", "pk": 16, "fields": {"name": "Can add session", "content_type": 6, "codename": "add_session"}}, {"model": "auth.permission", "pk": 17, "fields": {"name": "Can change session", "content_type": 6, "codename": "change_session"}}, {"model": "auth.permission", "pk": 18, "fields": {"name": "Can delete session", "content_type": 6, "codename": "delete_session"}}, {"model": "auth.permission", "pk": 19, "fields": {"name": "Can add blog type", "content_type": 7, "codename": "add_blogtype"}}, {"model": "auth.permission", "pk": 20, "fields": {"name": "Can change blog type", "content_type": 7, "codename": "change_blogtype"}}, {"model": "auth.permission", "pk": 21, "fields": {"name": "Can delete blog type", "content_type": 7, "codename": "delete_blogtype"}}, {"model": "auth.permission", "pk": 22, "fields": {"name": "Can add blog", "content_type": 8, "codename": "add_blog"}}, {"model": "auth.permission", "pk": 23, "fields": {"name": "Can change blog", "content_type": 8, "codename": "change_blog"}}, {"model": "auth.permission", "pk": 24, "fields": {"name": "Can delete blog", "content_type": 8, "codename": "delete_blog"}}, {"model": "auth.permission", "pk": 25, "fields": {"name": "Can view log entry", "content_type": 1, "codename": "view_logentry"}}, {"model": "auth.permission", "pk": 26, "fields": {"name": "Can view permission", "content_type": 2, "codename": "view_permission"}}, {"model": "auth.permission", "pk": 27, "fields": {"name": "Can view group", "content_type": 3, "codename": "view_group"}}, {"model": "auth.permission", "pk": 28, "fields": {"name": "Can view user", "content_type": 4, "codename": "view_user"}}, {"model": "auth.permission", "pk": 29, "fields": {"name": "Can view content type", "content_type": 5, "codename": "view_contenttype"}}, {"model": "auth.permission", "pk": 30, "fields": {"name": "Can view session", "content_type": 6, "codename": "view_session"}}, {"model": "auth.permission", "pk": 31, "fields": {"name": "Can view blog", "content_type": 8, "codename": "view_blog"}}, {"model": "auth.permission", "pk": 32, "fields": {"name": "Can view blog type", "content_type": 7, "codename": "view_blogtype"}}, {"model": "auth.permission", "pk": 33, "fields": {"name": "Can add read num", "content_type": 9, "codename": "add_readnum"}}, {"model": "auth.permission", "pk": 34, "fields": {"name": "Can change read num", "content_type": 9, "codename": "change_readnum"}}, {"model": "auth.permission", "pk": 35, "fields": {"name": "Can delete read num", "content_type": 9, "codename": "delete_readnum"}}, {"model": "auth.permission", "pk": 36, "fields": {"name": "Can view read num", "content_type": 9, "codename": "view_readnum"}}, {"model": "auth.permission", "pk": 37, "fields": {"name": "Can add read num", "content_type": 10, "codename": "add_readnum"}}, {"model": "auth.permission", "pk": 38, "fields": {"name": "Can change read num", "content_type": 10, "codename": "change_readnum"}}, {"model": "auth.permission", "pk": 39, "fields": {"name": "Can delete read num", "content_type": 10, "codename": "delete_readnum"}}, {"model": "auth.permission", "pk": 40, "fields": {"name": "Can view read num", "content_type": 10, "codename": "view_readnum"}}, {"model": "auth.permission", "pk": 41, "fields": {"name": "Can add comment", "content_type": 11, "codename": "add_comment"}}, {"model": "auth.permission", "pk": 42, "fields": {"name": "Can change comment", "content_type": 11, "codename": "change_comment"}}, {"model": "auth.permission", "pk": 43, "fields": {"name": "Can delete comment", "content_type": 11, "codename": "delete_comment"}}, {"model": "auth.permission", "pk": 44, "fields": {"name": "Can view comment", "content_type": 11, "codename": "view_comment"}}, {"model": "auth.permission", "pk": 45, "fields": {"name": "Can add profile", "content_type": 12, "codename": "add_profile"}}, {"model": "auth.permission", "pk": 46, "fields": {"name": "Can change profile", "content_type": 12, "codename": "change_profile"}}, {"model": "auth.permission", "pk": 47, "fields": {"name": "Can delete profile", "content_type": 12, "codename": "delete_profile"}}, {"model": "auth.permission", "pk": 48, "fields": {"name": "Can view profile", "content_type": 12, "codename": "view_profile"}}, {"model": "auth.user", "pk": 2, "fields": {"password": "pbkdf2_sha256$150000$2b2I9tvhKAYb$hnSMWU2JpAwa7lBrW6gjAZZjEzmKv9+/S9HX8Xp8GpE=", "last_login": "2019-07-05T13:07:16.044Z", "is_superuser": true, "username": "Devin", "first_name": "", "last_name": "", "email": "1010732441@qq.com", "is_staff": true, "is_active": true, "date_joined": "2019-05-29T09:09:00Z", "groups": [], "user_permissions": []}}, {"model": "auth.user", "pk": 7, "fields": {"password": "pbkdf2_sha256$150000$cRTGG21prXhc$Mr8PZ4Yis/KIgZPRelgBQy9UMM8LdsssphrE4iZAfUA=", "last_login": "2019-07-05T13:14:57.420Z", "is_superuser": false, "username": "Devin111", "first_name": "", "last_name": "", "email": "zxzx1010732441mei@163.com", "is_staff": false, "is_active": true, "date_joined": "2019-07-05T12:10:16.304Z", "groups": [], "user_permissions": []}}, {"model": "blog.blog", "pk": 3, "fields": {"title": "\u957f\u5185\u5bb9\u7684\u535a\u5ba2", "blog_type": 2, "content": "<p>\u963f\u65af\u987f\u623f\u4ef7\u963f\u65af\u987f</p>\r\n\r\n<hr />\r\n<p>\u4ef7\u963f\u65af<br />\r\n\u987f\u623f\u4ef7\u963f\u65af\u987f\u623f<strong>\u4ef7\u963f\u65af\u987f\u623f\u4ef7\u963f\u65af\u987f</strong>\u623f\u4ef7\u963f\u65af\u987f\u623f\u4ef7\u963f\u65af\u987f\u623f\u4ef7\u963f\u65af\u987f\u623f\u4ef7\u963f\u65af\u987f\u623f\u4ef7</p>", "author": 2, "created_time": "2018-10-29T15:06:33.462Z", "last_updated_time": "2019-06-08T13:13:29.270Z"}}, {"model": "blog.blog", "pk": 4, "fields": {"title": "\u968f\u7b142", "blog_type": 2, "content": "\u58eb\u5927\u592b", "author": 2, "created_time": "2018-10-29T15:23:15.386Z", "last_updated_time": "2019-06-01T04:58:16.946Z"}}, {"model": "blog.blog", "pk": 5, "fields": {"title": "Django1", "blog_type": 1, "content": "test", "author": 2, "created_time": "2018-10-29T15:23:37.691Z", "last_updated_time": "2019-06-01T04:58:12.057Z"}}, {"model": "blog.blog", "pk": 6, "fields": {"title": "Git\u53caGitHub\u5b9e\u7528\u6559\u7a0b", "blog_type": 4, "content": "ds\u554a\u7684\u6492\u7684\u6492\u7684\u6492\u6253\u6253\u778c\u7761\u963f\u80af\u5b9a\u4f1a\u4e09\u7684", "author": 2, "created_time": "2019-06-01T13:59:02.643Z", "last_updated_time": "2019-06-09T07:55:17.799Z"}}, {"model": "blog.blog", "pk": 7, "fields": {"title": "\u7b2c1\u7bc7shell\u535a\u5ba2", "blog_type": 3, "content": "\u8fd9\u662f\u7b2c1\u7bc7shell\u535a\u5ba2\u54e6\uff01", "author": 2, "created_time": "2019-06-01T15:24:29.663Z", "last_updated_time": "2019-06-01T15:24:52.648Z"}}, {"model": "blog.blog", "pk": 8, "fields": {"title": "\u7b2c1\u7bc7shell\u535a\u5ba2", "blog_type": 3, "content": "\u8fd9\u662f\u7b2c1\u7bc7shell\u535a\u5ba2\u54e6\uff01", "author": 2, "created_time": "2019-06-01T15:27:37.848Z", "last_updated_time": "2019-06-01T15:27:37.848Z"}}, {"model": "blog.blog", "pk": 9, "fields": {"title": "\u7b2c2\u7bc7shell\u535a\u5ba2", "blog_type": 3, "content": "\u8fd9\u662f\u7b2c2\u7bc7shell\u535a\u5ba2\u54e6\uff01", "author": 2, "created_time": "2019-06-01T15:27:37.858Z", "last_updated_time": "2019-06-01T15:27:37.858Z"}}, {"model": "blog.blog", "pk": 10, "fields": {"title": "\u7b2c3\u7bc7shell\u535a\u5ba2", "blog_type": 3, "content": "\u8fd9\u662f\u7b2c3\u7bc7shell\u535a\u5ba2\u54e6\uff01", "author": 2, "created_time": "2019-06-01T15:27:37.865Z", "last_updated_time": "2019-06-01T15:27:37.865Z"}}, {"model": "blog.blog", "pk": 11, "fields": {"title": "\u7b2c4\u7bc7shell\u535a\u5ba2", "blog_type": 3, "content": "\u8fd9\u662f\u7b2c4\u7bc7shell\u535a\u5ba2\u54e6\uff01", "author": 2, "created_time": "2019-06-01T15:27:37.877Z", "last_updated_time": "2019-06-01T15:27:37.877Z"}}, {"model": "blog.blog", "pk": 12, "fields": {"title": "\u7b2c5\u7bc7shell\u535a\u5ba2", "blog_type": 3, "content": "\u8fd9\u662f\u7b2c5\u7bc7shell\u535a\u5ba2\u54e6\uff01", "author": 2, "created_time": "2019-06-01T15:27:37.885Z", "last_updated_time": "2019-06-01T15:27:37.885Z"}}, {"model": "blog.blog", "pk": 13, "fields": {"title": "\u7b2c6\u7bc7shell\u535a\u5ba2", "blog_type": 3, "content": "\u8fd9\u662f\u7b2c6\u7bc7shell\u535a\u5ba2\u54e6\uff01", "author": 2, "created_time": "2019-06-01T15:27:37.894Z", "last_updated_time": "2019-06-01T15:27:37.895Z"}}, {"model": "blog.blog", "pk": 14, "fields": {"title": "\u7b2c7\u7bc7shell\u535a\u5ba2", "blog_type": 3, "content": "\u8fd9\u662f\u7b2c7\u7bc7shell\u535a\u5ba2\u54e6\uff01", "author": 2, "created_time": "2019-06-01T15:27:37.902Z", "last_updated_time": "2019-06-01T15:27:37.902Z"}}, {"model": "blog.blog", "pk": 15, "fields": {"title": "\u7b2c8\u7bc7shell\u535a\u5ba2", "blog_type": 3, "content": "\u8fd9\u662f\u7b2c8\u7bc7shell\u535a\u5ba2\u54e6\uff01", "author": 2, "created_time": "2019-06-01T15:27:37.911Z", "last_updated_time": "2019-06-01T15:27:37.911Z"}}, {"model": "blog.blog", "pk": 16, "fields": {"title": "\u7b2c9\u7bc7shell\u535a\u5ba2", "blog_type": 3, "content": "\u8fd9\u662f\u7b2c9\u7bc7shell\u535a\u5ba2\u54e6\uff01", "author": 2, "created_time": "2019-06-01T15:27:37.918Z", "last_updated_time": "2019-06-01T15:27:37.918Z"}}, {"model": "blog.blog", "pk": 17, "fields": {"title": "\u7b2c10\u7bc7shell\u535a\u5ba2", "blog_type": 3, "content": "\u8fd9\u662f\u7b2c10\u7bc7shell\u535a\u5ba2\u54e6\uff01", "author": 2, "created_time": "2019-06-01T15:27:37.925Z", "last_updated_time": "2019-06-01T15:27:37.925Z"}}, {"model": "blog.blog", "pk": 18, "fields": {"title": "\u7b2c11\u7bc7shell\u535a\u5ba2", "blog_type": 3, "content": "\u8fd9\u662f\u7b2c11\u7bc7shell\u535a\u5ba2\u54e6\uff01", "author": 2, "created_time": "2019-06-01T15:27:37.932Z", "last_updated_time": "2019-06-01T15:27:37.932Z"}}, {"model": "blog.blog", "pk": 19, "fields": {"title": "\u7b2c12\u7bc7shell\u535a\u5ba2", "blog_type": 3, "content": "\u8fd9\u662f\u7b2c12\u7bc7shell\u535a\u5ba2\u54e6\uff01", "author": 2, "created_time": "2019-06-01T15:27:37.939Z", "last_updated_time": "2019-06-01T15:27:37.939Z"}}, {"model": "blog.blog", "pk": 20, "fields": {"title": "\u7b2c13\u7bc7shell\u535a\u5ba2", "blog_type": 3, "content": "\u8fd9\u662f\u7b2c13\u7bc7shell\u535a\u5ba2\u54e6\uff01", "author": 2, "created_time": "2019-06-01T15:27:37.946Z", "last_updated_time": "2019-06-01T15:27:37.946Z"}}, {"model": "blog.blog", "pk": 21, "fields": {"title": "\u7b2c14\u7bc7shell\u535a\u5ba2", "blog_type": 3, "content": "\u8fd9\u662f\u7b2c14\u7bc7shell\u535a\u5ba2\u54e6\uff01", "author": 2, "created_time": "2019-06-01T15:27:37.952Z", "last_updated_time": "2019-06-01T15:27:37.952Z"}}, {"model": "blog.blog", "pk": 22, "fields": {"title": "\u7b2c15\u7bc7shell\u535a\u5ba2", "blog_type": 3, "content": "\u8fd9\u662f\u7b2c15\u7bc7shell\u535a\u5ba2\u54e6\uff01", "author": 2, "created_time": "2019-06-01T15:27:37.960Z", "last_updated_time": "2019-06-01T15:27:37.960Z"}}, {"model": "blog.blog", "pk": 23, "fields": {"title": "\u7b2c16\u7bc7shell\u535a\u5ba2", "blog_type": 3, "content": "\u8fd9\u662f\u7b2c16\u7bc7shell\u535a\u5ba2\u54e6\uff01", "author": 2, "created_time": "2019-06-01T15:27:37.976Z", "last_updated_time": "2019-06-01T15:27:37.976Z"}}, {"model": "blog.blog", "pk": 24, "fields": {"title": "\u7b2c17\u7bc7shell\u535a\u5ba2", "blog_type": 3, "content": "\u8fd9\u662f\u7b2c17\u7bc7shell\u535a\u5ba2\u54e6\uff01", "author": 2, "created_time": "2019-06-01T15:27:37.986Z", "last_updated_time": "2019-06-01T15:27:37.986Z"}}, {"model": "blog.blog", "pk": 25, "fields": {"title": "\u7b2c18\u7bc7shell\u535a\u5ba2", "blog_type": 3, "content": "\u8fd9\u662f\u7b2c18\u7bc7shell\u535a\u5ba2\u54e6\uff01", "author": 2, "created_time": "2019-06-01T15:27:37.996Z", "last_updated_time": "2019-06-01T15:27:37.996Z"}}, {"model": "blog.blog", "pk": 26, "fields": {"title": "\u7b2c19\u7bc7shell\u535a\u5ba2", "blog_type": 3, "content": "\u8fd9\u662f\u7b2c19\u7bc7shell\u535a\u5ba2\u54e6\uff01", "author": 2, "created_time": "2019-06-01T15:27:38.009Z", "last_updated_time": "2019-06-01T15:27:38.009Z"}}, {"model": "blog.blog", "pk": 27, "fields": {"title": "\u7b2c20\u7bc7shell\u535a\u5ba2", "blog_type": 3, "content": "\u8fd9\u662f\u7b2c20\u7bc7shell\u535a\u5ba2\u54e6\uff01", "author": 2, "created_time": "2019-06-01T15:27:38.019Z", "last_updated_time": "2019-06-01T15:27:38.019Z"}}, {"model": "blog.blog", "pk": 28, "fields": {"title": "\u7b2c21\u7bc7shell\u535a\u5ba2", "blog_type": 3, "content": "\u8fd9\u662f\u7b2c21\u7bc7shell\u535a\u5ba2\u54e6\uff01", "author": 2, "created_time": "2019-06-01T15:27:38.032Z", "last_updated_time": "2019-06-01T15:27:38.032Z"}}, {"model": "blog.blog", "pk": 29, "fields": {"title": "\u7b2c22\u7bc7shell\u535a\u5ba2", "blog_type": 3, "content": "\u8fd9\u662f\u7b2c22\u7bc7shell\u535a\u5ba2\u54e6\uff01", "author": 2, "created_time": "2019-06-01T15:27:38.040Z", "last_updated_time": "2019-06-01T15:27:38.040Z"}}, {"model": "blog.blog", "pk": 30, "fields": {"title": "\u7b2c23\u7bc7shell\u535a\u5ba2", "blog_type": 3, "content": "\u8fd9\u662f\u7b2c23\u7bc7shell\u535a\u5ba2\u54e6\uff01", "author": 2, "created_time": "2019-06-01T15:27:38.046Z", "last_updated_time": "2019-06-01T15:27:38.046Z"}}, {"model": "blog.blog", "pk": 31, "fields": {"title": "\u7b2c24\u7bc7shell\u535a\u5ba2", "blog_type": 3, "content": "\u8fd9\u662f\u7b2c24\u7bc7shell\u535a\u5ba2\u54e6\uff01", "author": 2, "created_time": "2019-06-01T15:27:38.053Z", "last_updated_time": "2019-06-01T15:27:38.053Z"}}, {"model": "blog.blog", "pk": 32, "fields": {"title": "\u7b2c25\u7bc7shell\u535a\u5ba2", "blog_type": 3, "content": "\u8fd9\u662f\u7b2c25\u7bc7shell\u535a\u5ba2\u54e6\uff01", "author": 2, "created_time": "2019-06-01T15:27:38.061Z", "last_updated_time": "2019-06-01T15:27:38.061Z"}}, {"model": "blog.blog", "pk": 33, "fields": {"title": "\u7b2c26\u7bc7shell\u535a\u5ba2", "blog_type": 3, "content": "<p><img alt=\"\" src=\"/media/upload/2019/06/09/2.jpg\" style=\"height:142px; width:340px\" /></p>\r\n\r\n<p>\u8fd9\u662f\u7b2c26\u7bc7shell\u535a\u5ba2\u54e6\uff01</p>", "author": 2, "created_time": "2019-06-01T15:27:38.068Z", "last_updated_time": "2019-06-09T03:26:08.975Z"}}, {"model": "blog.blog", "pk": 34, "fields": {"title": "\u7b2c27\u7bc7shell\u535a\u5ba2", "blog_type": 3, "content": "\u8fd9\u662f\u7b2c27\u7bc7shell\u535a\u5ba2\u54e6\uff01", "author": 2, "created_time": "2019-06-01T15:27:38.076Z", "last_updated_time": "2019-06-09T09:07:42.532Z"}}, {"model": "blog.blog", "pk": 35, "fields": {"title": "\u7b2c28\u7bc7shell\u535a\u5ba2", "blog_type": 3, "content": "\u8fd9\u662f\u7b2c28\u7bc7shell\u535a\u5ba2\u54e6\uff01", "author": 2, "created_time": "2019-06-01T15:27:38.082Z", "last_updated_time": "2019-06-09T09:07:36.558Z"}}, {"model": "blog.blog", "pk": 36, "fields": {"title": "\u7b2c29\u7bc7shell\u535a\u5ba2", "blog_type": 3, "content": "\u8fd9\u662f\u7b2c29\u7bc7shell\u535a\u5ba2\u54e6\uff01", "author": 2, "created_time": "2019-06-01T15:27:38.087Z", "last_updated_time": "2019-06-09T09:07:33.429Z"}}, {"model": "blog.blog", "pk": 37, "fields": {"title": "\u7b2c30\u7bc7shell\u535a\u5ba2", "blog_type": 3, "content": "<p>\u8fd9\u662f\u7b2c30\u7bc7shell\u535a\u5ba2\u54e6\uff01\u8fd9\u662f\u7b2c30\u7bc7shell\u535a\u5ba2\u54e6\uff01\u8fd9\u662f\u7b2c30\u7bc7shell\u535a\u5ba2\u54e6\uff01\u8fd9\u662f\u7b2c30\u7bc7shell\u535a\u5ba2\u54e6\uff01\u8fd9\u662f\u7b2c30\u7bc7shell\u535a\u5ba2\u54e6\uff01\u8fd9\u662f\u7b2c30\u7bc7shell\u535a\u5ba2\u54e6\uff01\u8fd9\u662f\u7b2c30\u7bc7shell\u535a\u5ba2\u54e6\uff01\u8fd9\u662f\u7b2c30\u7bc7shell\u535a\u5ba2\u54e6\uff01\u8fd9\u662f\u7b2c30\u7bc7shell\u535a\u5ba2\u54e6\uff01\u8fd9\u662f\u7b2c30\u7bc7shell\u535a\u5ba2\u54e6\uff01\u8fd9\u662f\u7b2c30\u7bc7shell\u535a\u5ba2\u54e6\uff01\u8fd9\u662f\u7b2c30\u7bc7shell\u535a\u5ba2\u54e6\uff01\u8fd9\u662f\u7b2c30\u7bc7shell\u535a\u5ba2\u54e6\uff01\u8fd9\u662f\u7b2c30\u7bc7shell\u535a\u5ba2\u54e6\uff01\u8fd9\u662f\u7b2c30\u7bc7shell</p>", "author": 2, "created_time": "2019-06-01T15:27:38.095Z", "last_updated_time": "2019-07-04T07:05:23.773Z"}}, {"model": "comment.comment", "pk": 1, "fields": {"content_type": 8, "object_id": 37, "text": "<p>111</p>", "comment_time": "2019-07-05T07:20:38.410Z", "user": 2, "root": null, "parent": null, "reply_to": null}}, {"model": "comment.comment", "pk": 2, "fields": {"content_type": 8, "object_id": 36, "text": "<p>21321321</p>", "comment_time": "2019-07-05T09:09:08.571Z", "user": 2, "root": null, "parent": null, "reply_to": null}}, {"model": "comment.comment", "pk": 3, "fields": {"content_type": 8, "object_id": 36, "text": "<p>1321321</p>", "comment_time": "2019-07-05T09:09:41.679Z", "user": 2, "root": 2, "parent": 2, "reply_to": 2}}, {"model": "comment.comment", "pk": 4, "fields": {"content_type": 8, "object_id": 36, "text": "<p>1321321</p>", "comment_time": "2019-07-05T09:09:49.029Z", "user": 2, "root": 2, "parent": 2, "reply_to": 2}}, {"model": "comment.comment", "pk": 5, "fields": {"content_type": 8, "object_id": 36, "text": "<p>123</p>", "comment_time": "2019-07-05T09:10:30.153Z", "user": 2, "root": 2, "parent": 3, "reply_to": 2}}, {"model": "comment.comment", "pk": 6, "fields": {"content_type": 8, "object_id": 36, "text": "<p>1231321</p>", "comment_time": "2019-07-05T09:10:53.882Z", "user": 2, "root": 2, "parent": 4, "reply_to": 2}}, {"model": "user.profile", "pk": 1, "fields": {"user": 2, "nickname": "\u5f20\u7f8a\u7f8a"}}, {"model": "admin.logentry", "pk": 11, "fields": {"action_time": "2019-06-01T04:58:12.059Z", "user": 2, "content_type": 8, "object_id": "5", "object_repr": "<Blog: Django1>", "action_flag": 2, "change_message": "[{\"changed\": {\"fields\": [\"author\"]}}]"}}, {"model": "admin.logentry", "pk": 12, "fields": {"action_time": "2019-06-01T04:58:16.948Z", "user": 2, "content_type": 8, "object_id": "4", "object_repr": "<Blog: \u968f\u7b142>", "action_flag": 2, "change_message": "[{\"changed\": {\"fields\": [\"author\"]}}]"}}, {"model": "admin.logentry", "pk": 13, "fields": {"action_time": "2019-06-01T04:58:21.167Z", "user": 2, "content_type": 8, "object_id": "3", "object_repr": "<Blog: \u957f\u5185\u5bb9\u7684\u535a\u5ba2>", "action_flag": 2, "change_message": "[{\"changed\": {\"fields\": [\"author\"]}}]"}}, {"model": "admin.logentry", "pk": 14, "fields": {"action_time": "2019-06-01T13:58:34.801Z", "user": 2, "content_type": 7, "object_id": "4", "object_repr": "pygame", "action_flag": 1, "change_message": "[{\"added\": {}}]"}}, {"model": "admin.logentry", "pk": 15, "fields": {"action_time": "2019-06-01T13:59:02.645Z", "user": 2, "content_type": 8, "object_id": "6", "object_repr": "<Blog: Git\u53caGitHub\u5b9e\u7528\u6559\u7a0b>", "action_flag": 1, "change_message": "[{\"added\": {}}]"}}, {"model": "admin.logentry", "pk": 16, "fields": {"action_time": "2019-06-01T15:24:52.687Z", "user": 2, "content_type": 8, "object_id": "7", "object_repr": "<Blog: \u7b2c1\u7bc7shell\u535a\u5ba2>", "action_flag": 2, "change_message": "[]"}}, {"model": "admin.logentry", "pk": 17, "fields": {"action_time": "2019-06-08T13:02:52.534Z", "user": 2, "content_type": 8, "object_id": "3", "object_repr": "<Blog: \u957f\u5185\u5bb9\u7684\u535a\u5ba2>", "action_flag": 2, "change_message": "[{\"changed\": {\"fields\": [\"content\"]}}]"}}, {"model": "admin.logentry", "pk": 18, "fields": {"action_time": "2019-06-08T13:13:29.271Z", "user": 2, "content_type": 8, "object_id": "3", "object_repr": "<Blog: \u957f\u5185\u5bb9\u7684\u535a\u5ba2>", "action_flag": 2, "change_message": "[{\"changed\": {\"fields\": [\"content\"]}}]"}}, {"model": "admin.logentry", "pk": 19, "fields": {"action_time": "2019-06-08T14:00:55.434Z", "user": 2, "content_type": 8, "object_id": "37", "object_repr": "<Blog: \u7b2c30\u7bc7shell\u535a\u5ba2>", "action_flag": 2, "change_message": "[{\"changed\": {\"fields\": [\"content\"]}}]"}}, {"model": "admin.logentry", "pk": 20, "fields": {"action_time": "2019-06-09T03:26:08.979Z", "user": 2, "content_type": 8, "object_id": "33", "object_repr": "<Blog: \u7b2c26\u7bc7shell\u535a\u5ba2>", "action_flag": 2, "change_message": "[{\"changed\": {\"fields\": [\"content\"]}}]"}}, {"model": "admin.logentry", "pk": 21, "fields": {"action_time": "2019-06-10T03:45:03.581Z", "user": 2, "content_type": 9, "object_id": "1", "object_repr": "ReadNum object (1)", "action_flag": 1, "change_message": "[{\"added\": {}}]"}}, {"model": "admin.logentry", "pk": 22, "fields": {"action_time": "2019-06-10T05:27:50.283Z", "user": 2, "content_type": 10, "object_id": "1", "object_repr": "ReadNum object (1)", "action_flag": 1, "change_message": "[{\"added\": {}}]"}}, {"model": "admin.logentry", "pk": 23, "fields": {"action_time": "2019-06-13T07:44:46.024Z", "user": 2, "content_type": 11, "object_id": "3", "object_repr": "Comment object (3)", "action_flag": 3, "change_message": ""}}, {"model": "admin.logentry", "pk": 24, "fields": {"action_time": "2019-06-13T07:44:46.030Z", "user": 2, "content_type": 11, "object_id": "2", "object_repr": "Comment object (2)", "action_flag": 3, "change_message": ""}}, {"model": "admin.logentry", "pk": 25, "fields": {"action_time": "2019-07-03T13:05:25.574Z", "user": 2, "content_type": 11, "object_id": "41", "object_repr": "Comment object (41)", "action_flag": 3, "change_message": ""}}, {"model": "admin.logentry", "pk": 26, "fields": {"action_time": "2019-07-03T13:05:25.587Z", "user": 2, "content_type": 11, "object_id": "40", "object_repr": "Comment object (40)", "action_flag": 3, "change_message": ""}}, {"model": "admin.logentry", "pk": 27, "fields": {"action_time": "2019-07-03T13:05:25.606Z", "user": 2, "content_type": 11, "object_id": "39", "object_repr": "Comment object (39)", "action_flag": 3, "change_message": ""}}, {"model": "admin.logentry", "pk": 28, "fields": {"action_time": "2019-07-03T13:05:25.619Z", "user": 2, "content_type": 11, "object_id": "38", "object_repr": "Comment object (38)", "action_flag": 3, "change_message": ""}}, {"model": "admin.logentry", "pk": 29, "fields": {"action_time": "2019-07-03T13:05:25.626Z", "user": 2, "content_type": 11, "object_id": "37", "object_repr": "Comment object (37)", "action_flag": 3, "change_message": ""}}, {"model": "admin.logentry", "pk": 30, "fields": {"action_time": "2019-07-03T13:05:25.632Z", "user": 2, "content_type": 11, "object_id": "36", "object_repr": "Comment object (36)", "action_flag": 3, "change_message": ""}}, {"model": "admin.logentry", "pk": 31, "fields": {"action_time": "2019-07-03T13:05:25.638Z", "user": 2, "content_type": 11, "object_id": "35", "object_repr": "Comment object (35)", "action_flag": 3, "change_message": ""}}, {"model": "admin.logentry", "pk": 32, "fields": {"action_time": "2019-07-03T13:05:25.644Z", "user": 2, "content_type": 11, "object_id": "34", "object_repr": "Comment object (34)", "action_flag": 3, "change_message": ""}}, {"model": "admin.logentry", "pk": 33, "fields": {"action_time": "2019-07-03T13:05:25.651Z", "user": 2, "content_type": 11, "object_id": "33", "object_repr": "Comment object (33)", "action_flag": 3, "change_message": ""}}, {"model": "admin.logentry", "pk": 34, "fields": {"action_time": "2019-07-03T13:05:25.657Z", "user": 2, "content_type": 11, "object_id": "32", "object_repr": "Comment object (32)", "action_flag": 3, "change_message": ""}}, {"model": "admin.logentry", "pk": 35, "fields": {"action_time": "2019-07-03T13:05:25.663Z", "user": 2, "content_type": 11, "object_id": "31", "object_repr": "Comment object (31)", "action_flag": 3, "change_message": ""}}, {"model": "admin.logentry", "pk": 36, "fields": {"action_time": "2019-07-03T13:05:25.669Z", "user": 2, "content_type": 11, "object_id": "30", "object_repr": "Comment object (30)", "action_flag": 3, "change_message": ""}}, {"model": "admin.logentry", "pk": 37, "fields": {"action_time": "2019-07-03T13:05:25.675Z", "user": 2, "content_type": 11, "object_id": "29", "object_repr": "Comment object (29)", "action_flag": 3, "change_message": ""}}, {"model": "admin.logentry", "pk": 38, "fields": {"action_time": "2019-07-03T13:05:25.682Z", "user": 2, "content_type": 11, "object_id": "28", "object_repr": "Comment object (28)", "action_flag": 3, "change_message": ""}}, {"model": "admin.logentry", "pk": 39, "fields": {"action_time": "2019-07-03T13:05:38.675Z", "user": 2, "content_type": 11, "object_id": "27", "object_repr": "Comment object (27)", "action_flag": 2, "change_message": "[]"}}, {"model": "admin.logentry", "pk": 40, "fields": {"action_time": "2019-07-03T13:05:43.723Z", "user": 2, "content_type": 11, "object_id": "27", "object_repr": "Comment object (27)", "action_flag": 2, "change_message": "[]"}}, {"model": "admin.logentry", "pk": 41, "fields": {"action_time": "2019-07-03T13:05:54.700Z", "user": 2, "content_type": 11, "object_id": "42", "object_repr": "Comment object (42)", "action_flag": 1, "change_message": "[{\"added\": {}}]"}}, {"model": "admin.logentry", "pk": 42, "fields": {"action_time": "2019-07-03T13:25:37.506Z", "user": 2, "content_type": 11, "object_id": "43", "object_repr": "1345465423", "action_flag": 2, "change_message": "[{\"changed\": {\"fields\": [\"text\", \"root\", \"parent\", \"reply_to\"]}}]"}}, {"model": "admin.logentry", "pk": 43, "fields": {"action_time": "2019-07-04T07:03:05.855Z", "user": 2, "content_type": 11, "object_id": "1", "object_repr": "123", "action_flag": 3, "change_message": ""}}, {"model": "admin.logentry", "pk": 44, "fields": {"action_time": "2019-07-04T07:03:15.856Z", "user": 2, "content_type": 11, "object_id": "4", "object_repr": "432", "action_flag": 3, "change_message": ""}}, {"model": "admin.logentry", "pk": 45, "fields": {"action_time": "2019-07-04T07:03:15.864Z", "user": 2, "content_type": 11, "object_id": "5", "object_repr": "567", "action_flag": 3, "change_message": ""}}, {"model": "admin.logentry", "pk": 46, "fields": {"action_time": "2019-07-04T07:03:15.874Z", "user": 2, "content_type": 11, "object_id": "6", "object_repr": "789", "action_flag": 3, "change_message": ""}}, {"model": "admin.logentry", "pk": 47, "fields": {"action_time": "2019-07-04T07:03:15.880Z", "user": 2, "content_type": 11, "object_id": "7", "object_repr": "3231213", "action_flag": 3, "change_message": ""}}, {"model": "admin.logentry", "pk": 48, "fields": {"action_time": "2019-07-04T07:03:15.886Z", "user": 2, "content_type": 11, "object_id": "8", "object_repr": "3231213", "action_flag": 3, "change_message": ""}}, {"model": "admin.logentry", "pk": 49, "fields": {"action_time": "2019-07-04T07:03:15.893Z", "user": 2, "content_type": 11, "object_id": "9", "object_repr": "345", "action_flag": 3, "change_message": ""}}, {"model": "admin.logentry", "pk": 50, "fields": {"action_time": "2019-07-04T07:03:15.899Z", "user": 2, "content_type": 11, "object_id": "10", "object_repr": "456", "action_flag": 3, "change_message": ""}}, {"model": "admin.logentry", "pk": 51, "fields": {"action_time": "2019-07-04T07:03:15.905Z", "user": 2, "content_type": 11, "object_id": "11", "object_repr": "<p>123</p>", "action_flag": 3, "change_message": ""}}, {"model": "admin.logentry", "pk": 52, "fields": {"action_time": "2019-07-04T07:03:15.911Z", "user": 2, "content_type": 11, "object_id": "12", "object_repr": "<p>123</p>", "action_flag": 3, "change_message": ""}}, {"model": "admin.logentry", "pk": 53, "fields": {"action_time": "2019-07-04T07:03:15.922Z", "user": 2, "content_type": 11, "object_id": "13", "object_repr": "<p>123</p>", "action_flag": 3, "change_message": ""}}, {"model": "admin.logentry", "pk": 54, "fields": {"action_time": "2019-07-04T07:03:15.928Z", "user": 2, "content_type": 11, "object_id": "14", "object_repr": "<p>245</p>", "action_flag": 3, "change_message": ""}}, {"model": "admin.logentry", "pk": 55, "fields": {"action_time": "2019-07-04T07:03:15.935Z", "user": 2, "content_type": 11, "object_id": "15", "object_repr": "<p>123</p>", "action_flag": 3, "change_message": ""}}, {"model": "admin.logentry", "pk": 56, "fields": {"action_time": "2019-07-04T07:03:15.941Z", "user": 2, "content_type": 11, "object_id": "16", "object_repr": "<p>123</p>", "action_flag": 3, "change_message": ""}}, {"model": "admin.logentry", "pk": 57, "fields": {"action_time": "2019-07-04T07:03:15.946Z", "user": 2, "content_type": 11, "object_id": "17", "object_repr": "<p>123</p>", "action_flag": 3, "change_message": ""}}, {"model": "admin.logentry", "pk": 58, "fields": {"action_time": "2019-07-04T07:03:15.952Z", "user": 2, "content_type": 11, "object_id": "18", "object_repr": "<p>123</p>", "action_flag": 3, "change_message": ""}}, {"model": "admin.logentry", "pk": 59, "fields": {"action_time": "2019-07-04T07:03:15.957Z", "user": 2, "content_type": 11, "object_id": "19", "object_repr": "<p>12134</p>", "action_flag": 3, "change_message": ""}}, {"model": "admin.logentry", "pk": 60, "fields": {"action_time": "2019-07-04T07:03:15.963Z", "user": 2, "content_type": 11, "object_id": "20", "object_repr": "<p>12134</p>", "action_flag": 3, "change_message": ""}}, {"model": "admin.logentry", "pk": 61, "fields": {"action_time": "2019-07-04T07:03:16.043Z", "user": 2, "content_type": 11, "object_id": "21", "object_repr": "<p>12134</p>", "action_flag": 3, "change_message": ""}}, {"model": "admin.logentry", "pk": 62, "fields": {"action_time": "2019-07-04T07:03:16.049Z", "user": 2, "content_type": 11, "object_id": "22", "object_repr": "<p>121341231321</p>", "action_flag": 3, "change_message": ""}}, {"model": "admin.logentry", "pk": 63, "fields": {"action_time": "2019-07-04T07:03:16.055Z", "user": 2, "content_type": 11, "object_id": "23", "object_repr": "<p>121341231321</p>", "action_flag": 3, "change_message": ""}}, {"model": "admin.logentry", "pk": 64, "fields": {"action_time": "2019-07-04T07:03:16.061Z", "user": 2, "content_type": 11, "object_id": "24", "object_repr": "<p>121341231321</p>", "action_flag": 3, "change_message": ""}}, {"model": "admin.logentry", "pk": 65, "fields": {"action_time": "2019-07-04T07:03:16.067Z", "user": 2, "content_type": 11, "object_id": "25", "object_repr": "<p>121341231321</p>", "action_flag": 3, "change_message": ""}}, {"model": "admin.logentry", "pk": 66, "fields": {"action_time": "2019-07-04T07:03:16.073Z", "user": 2, "content_type": 11, "object_id": "26", "object_repr": "<p>123</p>", "action_flag": 3, "change_message": ""}}, {"model": "admin.logentry", "pk": 67, "fields": {"action_time": "2019-07-04T07:03:16.081Z", "user": 2, "content_type": 11, "object_id": "27", "object_repr": "<p>123</p>", "action_flag": 3, "change_message": ""}}, {"model": "admin.logentry", "pk": 68, "fields": {"action_time": "2019-07-04T07:03:16.087Z", "user": 2, "content_type": 11, "object_id": "42", "object_repr": "13213", "action_flag": 3, "change_message": ""}}, {"model": "admin.logentry", "pk": 69, "fields": {"action_time": "2019-07-04T07:03:16.094Z", "user": 2, "content_type": 11, "object_id": "43", "object_repr": "1345465423", "action_flag": 3, "change_message": ""}}, {"model": "admin.logentry", "pk": 70, "fields": {"action_time": "2019-07-04T07:03:16.100Z", "user": 2, "content_type": 11, "object_id": "44", "object_repr": "<p>222</p>", "action_flag": 3, "change_message": ""}}, {"model": "admin.logentry", "pk": 71, "fields": {"action_time": "2019-07-04T07:03:16.106Z", "user": 2, "content_type": 11, "object_id": "45", "object_repr": "<p>123</p>", "action_flag": 3, "change_message": ""}}, {"model": "admin.logentry", "pk": 72, "fields": {"action_time": "2019-07-04T07:03:16.112Z", "user": 2, "content_type": 11, "object_id": "46", "object_repr": "<p>1234</p>", "action_flag": 3, "change_message": ""}}, {"model": "admin.logentry", "pk": 73, "fields": {"action_time": "2019-07-04T07:03:16.118Z", "user": 2, "content_type": 11, "object_id": "47", "object_repr": "<p>123</p>", "action_flag": 3, "change_message": ""}}, {"model": "admin.logentry", "pk": 74, "fields": {"action_time": "2019-07-04T07:03:16.123Z", "user": 2, "content_type": 11, "object_id": "48", "object_repr": "<p>456</p>", "action_flag": 3, "change_message": ""}}, {"model": "admin.logentry", "pk": 75, "fields": {"action_time": "2019-07-04T07:03:16.133Z", "user": 2, "content_type": 11, "object_id": "49", "object_repr": "<p>456</p>", "action_flag": 3, "change_message": ""}}, {"model": "admin.logentry", "pk": 76, "fields": {"action_time": "2019-07-04T07:03:16.138Z", "user": 2, "content_type": 11, "object_id": "50", "object_repr": "<p>789</p>", "action_flag": 3, "change_message": ""}}, {"model": "admin.logentry", "pk": 77, "fields": {"action_time": "2019-07-04T07:03:16.145Z", "user": 2, "content_type": 11, "object_id": "51", "object_repr": "<p>123</p>", "action_flag": 3, "change_message": ""}}, {"model": "admin.logentry", "pk": 78, "fields": {"action_time": "2019-07-04T07:03:16.151Z", "user": 2, "content_type": 11, "object_id": "52", "object_repr": "<p>\u7b2c\u4e8c\u6761</p>", "action_flag": 3, "change_message": ""}}, {"model": "admin.logentry", "pk": 79, "fields": {"action_time": "2019-07-04T07:03:16.157Z", "user": 2, "content_type": 11, "object_id": "53", "object_repr": "<p>\u7b2c\u4e09\u6761</p>", "action_flag": 3, "change_message": ""}}, {"model": "admin.logentry", "pk": 80, "fields": {"action_time": "2019-07-04T07:03:16.164Z", "user": 2, "content_type": 11, "object_id": "54", "object_repr": "<p>\u7b2c\u56db\u6761</p>", "action_flag": 3, "change_message": ""}}, {"model": "admin.logentry", "pk": 81, "fields": {"action_time": "2019-07-04T07:03:16.169Z", "user": 2, "content_type": 11, "object_id": "55", "object_repr": "<p>\u7b2c\u4e94\u6761</p>", "action_flag": 3, "change_message": ""}}, {"model": "admin.logentry", "pk": 82, "fields": {"action_time": "2019-07-04T07:03:16.175Z", "user": 2, "content_type": 11, "object_id": "56", "object_repr": "<p>123</p>", "action_flag": 3, "change_message": ""}}, {"model": "admin.logentry", "pk": 83, "fields": {"action_time": "2019-07-04T07:03:16.181Z", "user": 2, "content_type": 11, "object_id": "57", "object_repr": "<p>1231</p>", "action_flag": 3, "change_message": ""}}, {"model": "admin.logentry", "pk": 84, "fields": {"action_time": "2019-07-04T07:03:16.191Z", "user": 2, "content_type": 11, "object_id": "58", "object_repr": "<p>1231</p>", "action_flag": 3, "change_message": ""}}, {"model": "admin.logentry", "pk": 85, "fields": {"action_time": "2019-07-04T07:03:16.197Z", "user": 2, "content_type": 11, "object_id": "59", "object_repr": "<p>1231</p>", "action_flag": 3, "change_message": ""}}, {"model": "admin.logentry", "pk": 86, "fields": {"action_time": "2019-07-04T07:03:16.202Z", "user": 2, "content_type": 11, "object_id": "60", "object_repr": "<p>1231</p>", "action_flag": 3, "change_message": ""}}, {"model": "admin.logentry", "pk": 87, "fields": {"action_time": "2019-07-04T07:03:16.209Z", "user": 2, "content_type": 11, "object_id": "61", "object_repr": "<p>1231</p>", "action_flag": 3, "change_message": ""}}, {"model": "admin.logentry", "pk": 88, "fields": {"action_time": "2019-07-04T07:03:16.215Z", "user": 2, "content_type": 11, "object_id": "62", "object_repr": "<p>1231</p>", "action_flag": 3, "change_message": ""}}, {"model": "admin.logentry", "pk": 89, "fields": {"action_time": "2019-07-04T07:03:16.221Z", "user": 2, "content_type": 11, "object_id": "63", "object_repr": "<p>1231</p>", "action_flag": 3, "change_message": ""}}, {"model": "admin.logentry", "pk": 90, "fields": {"action_time": "2019-07-04T07:03:16.227Z", "user": 2, "content_type": 11, "object_id": "64", "object_repr": "<p>1231</p>", "action_flag": 3, "change_message": ""}}, {"model": "admin.logentry", "pk": 91, "fields": {"action_time": "2019-07-04T07:03:16.233Z", "user": 2, "content_type": 11, "object_id": "65", "object_repr": "<p>2313</p>", "action_flag": 3, "change_message": ""}}, {"model": "admin.logentry", "pk": 92, "fields": {"action_time": "2019-07-04T07:05:23.775Z", "user": 2, "content_type": 8, "object_id": "37", "object_repr": "<Blog: \u7b2c30\u7bc7shell\u535a\u5ba2>", "action_flag": 2, "change_message": "[{\"changed\": {\"fields\": [\"content\"]}}]"}}, {"model": "admin.logentry", "pk": 93, "fields": {"action_time": "2019-07-04T07:05:58.593Z", "user": 2, "content_type": 4, "object_id": "1", "object_repr": "ysh", "action_flag": 3, "change_message": ""}}, {"model": "admin.logentry", "pk": 94, "fields": {"action_time": "2019-07-04T07:44:57.460Z", "user": 2, "content_type": 4, "object_id": "3", "object_repr": "Devin1", "action_flag": 3, "change_message": ""}}, {"model": "admin.logentry", "pk": 95, "fields": {"action_time": "2019-07-04T07:47:38.249Z", "user": 2, "content_type": 4, "object_id": "4", "object_repr": "Devin11", "action_flag": 3, "change_message": ""}}, {"model": "admin.logentry", "pk": 96, "fields": {"action_time": "2019-07-04T08:03:21.939Z", "user": 2, "content_type": 4, "object_id": "5", "object_repr": "Devin111", "action_flag": 3, "change_message": ""}}, {"model": "admin.logentry", "pk": 97, "fields": {"action_time": "2019-07-05T07:34:05.044Z", "user": 2, "content_type": 12, "object_id": "1", "object_repr": "<Profile: \u5f20\u7f8a\u7f8a for Devin>", "action_flag": 1, "change_message": "[{\"added\": {}}]"}}, {"model": "admin.logentry", "pk": 98, "fields": {"action_time": "2019-07-05T10:20:38.488Z", "user": 2, "content_type": 4, "object_id": "6", "object_repr": "Devin1", "action_flag": 1, "change_message": "[{\"added\": {}}, {\"added\": {\"name\": \"profile\", \"object\": \"<Profile: \\u5f20\\u7f8a\\u7f8a\\u7f8a\\u7f8a for Devin1>\"}}]"}}, {"model": "admin.logentry", "pk": 99, "fields": {"action_time": "2019-07-05T10:34:32.891Z", "user": 2, "content_type": 4, "object_id": "2", "object_repr": "Devin", "action_flag": 2, "change_message": "[{\"changed\": {\"fields\": [\"email\", \"last_login\"]}}]"}}, {"model": "admin.logentry", "pk": 100, "fields": {"action_time": "2019-07-05T10:34:54.158Z", "user": 2, "content_type": 4, "object_id": "6", "object_repr": "Devin1", "action_flag": 3, "change_message": ""}}, {"model": "admin.logentry", "pk": 101, "fields": {"action_time": "2019-07-05T12:43:55.467Z", "user": 2, "content_type": 4, "object_id": "7", "object_repr": "Devin111", "action_flag": 2, "change_message": "[{\"changed\": {\"fields\": [\"password\"]}}]"}}, {"model": "admin.logentry", "pk": 102, "fields": {"action_time": "2019-07-05T12:45:41.221Z", "user": 2, "content_type": 4, "object_id": "7", "object_repr": "Devin111", "action_flag": 2, "change_message": "[{\"changed\": {\"fields\": [\"password\"]}}]"}}]